<configs>
<append xpath="/progression/perks/perk[@name='perkAdvancedEngineering']">
	<effect_group>
		<passive_effect name="RecipeTagUnlocked" operation="base_set" level="3,5" value="1" tags="AutoMiner"/>
	</effect_group>
</append>
<append xpath="/progression/perks/perk[@name='perkAdvancedEngineering']/effect_group">
	<effect_group><passive_effect name="CraftingOutputCount" operation="perc_add" level="1,5" value="0.1" tags="recipetag,desert"/></effect_group>
	<effect_group><passive_effect name="CraftingOutputCount" operation="perc_add" level="2,5" value="0.01" tags="recipetag,desert"/></effect_group>
	<effect_group><passive_effect name="CraftingOutputCount" operation="perc_add" level="3,5" value="0.02" tags="recipetag,desert"/></effect_group>
	<effect_group><passive_effect name="CraftingOutputCount" operation="perc_add" level="4,5" value="0.02" tags="recipetag,desert"/></effect_group>
	<effect_group><passive_effect name="CraftingOutputCount" operation="perc_add" level="5,5" value="0.1" tags="recipetag,desert"/></effect_group>
	<!-- <effect_group><passive_effect name="CraftingOutputCount" operation="base_add" level="1,5" value="0.1" tags="recipetag"/></effect_group> -->
	<!-- <effect_group><passive_effect name="CraftingOutputCount" operation="base_add" level="1,5" value="@currrentPlayerLevel" tags="recipetag"/></effect_group> -->
</append>
<!-- <append xpath="/progression/perks/perk[@name='perkAdvancedEngineering']/effect_group/passive_effect[@name='CraftingTime']/@tags">,autoMiner</append> -->
<append xpath="/progression/perks/perk[@name='perkAdvancedEngineering']/effect_group">
			<passive_effect name="CraftingTime" operation="perc_add" level="1,5" value="-0.01" tags="autoMiner"/>
			<passive_effect name="CraftingTime" operation="perc_add" level="2,5" value="-0.01" tags="autoMiner"/>
			<passive_effect name="CraftingTime" operation="perc_add" level="3,5" value="-0.01" tags="autoMiner"/>
			<passive_effect name="CraftingTime" operation="perc_add" level="4,5" value="-0.02" tags="autoMiner"/>
			<passive_effect name="CraftingTime" operation="perc_add" level="5" value="-0.02" tags="autoMiner"/>

			<passive_effect name="CraftingOutputCount" operation="perc_add" level="1,5" value="0.02" tags="autoMiner,perkAdvancedEngineering"/>
			<passive_effect name="CraftingOutputCount" operation="perc_add" level="2,5" value="0.02" tags="autoMiner,perkAdvancedEngineering"/>
			<passive_effect name="CraftingOutputCount" operation="perc_add" level="3,5" value="0.02" tags="autoMiner,perkAdvancedEngineering"/>
			<passive_effect name="CraftingOutputCount" operation="perc_add" level="4,5" value="0.02" tags="autoMiner,perkAdvancedEngineering"/>
			<passive_effect name="CraftingOutputCount" operation="perc_add" level="5" value="0.02" tags="autoMiner,perkAdvancedEngineering"/>
</append>

</configs>