<LtAlex_CraftableMotorToolParts>
	<append xpath="/items">
		<item name="CraftablePartsSchematic">
			<property name="Extends" value="challengeQuestMaster"/>
			<property name="CreativeMode" value="Player"/>
			<property name="CustomIcon" value="bookArtOfMiningLuckyStrike"/>
			<property name="Unlocks" value="gunBowT1WoodenBowParts"/>
			<effect_group tiered="false">
				<triggered_effect trigger="onSelfPrimaryActionEnd" action="ModifyCVar" cvar="gunBowT1WoodenBowParts"					operation="set" value="1"/>
				<triggered_effect trigger="onSelfPrimaryActionEnd" action="ModifyCVar" cvar="resourceMechanicalParts"					operation="set" value="1"/>
				<triggered_effect trigger="onSelfPrimaryActionEnd" action="ModifyCVar" cvar="resourceElectricParts"						operation="set" value="1"/>
				<triggered_effect trigger="onSelfPrimaryActionEnd" action="ModifyCVar" cvar="gunHandgunT1PistolParts"					operation="set" value="1"/>
				<triggered_effect trigger="onSelfPrimaryActionEnd" action="ModifyCVar" cvar="gunShotgunT1DoubleBarrelParts"			    operation="set" value="1"/>
				<triggered_effect trigger="onSelfPrimaryActionEnd" action="ModifyCVar" cvar="gunRifleT1HuntingRifleParts"				operation="set" value="1"/>
				<triggered_effect trigger="onSelfPrimaryActionEnd" action="ModifyCVar" cvar="gunMGT1AK47Parts"							operation="set" value="1"/>
				<triggered_effect trigger="onSelfPrimaryActionEnd" action="ModifyCVar" cvar="gunExplosivesT3RocketLauncherParts"		operation="set" value="1"/>
				<triggered_effect trigger="onSelfPrimaryActionEnd" action="ModifyCVar" cvar="gunBotRoboticsParts"						operation="set" value="1"/>
				<triggered_effect trigger="onSelfPrimaryActionEnd" action="ModifyCVar" cvar="meleeWpnBatonT2StunBatonParts"			    operation="set" value="1"/>
				<triggered_effect trigger="onSelfPrimaryActionEnd" action="ModifyCVar" cvar="meleeWpnKnucklesT3SteelKnucklesParts"		operation="set" value="1"/>
				<triggered_effect trigger="onSelfPrimaryActionEnd" action="ModifyCVar" cvar="meleeToolAxeT3ChainsawParts"				operation="set" value="1"/>
				<triggered_effect trigger="onSelfPrimaryActionEnd" action="ModifyCVar" cvar="meleeWpnBladeT3MacheteParts"				operation="set" value="1"/>
				<triggered_effect trigger="onSelfPrimaryActionEnd" action="ModifyCVar" cvar="meleeWpnSpearT3SteelSpearParts"			operation="set" value="1"/>
				<triggered_effect trigger="onSelfPrimaryActionEnd" action="ModifyCVar" cvar="meleeWpnClubT3SteelClubParts"				operation="set" value="1"/>
				<triggered_effect trigger="onSelfPrimaryActionEnd" action="ModifyCVar" cvar="meleeWpnSledgeT3SteelSledgehammerParts"	operation="set" value="1"/>
				<triggered_effect trigger="onSelfPrimaryActionEnd" action="ModifyCVar" cvar="meleeToolSalvageParts"					    operation="set" value="1"/>
				<triggered_effect trigger="onSelfPrimaryActionEnd" action="ModifyCVar" cvar="meleeToolAllSteelParts"					operation="set" value="1"/>
				<triggered_effect trigger="onSelfPrimaryActionEnd" action="ModifyCVar" cvar="armorMilitarySetParts"					    operation="set" value="1"/>
				<triggered_effect trigger="onSelfPrimaryActionEnd" action="ModifyCVar" cvar="armorSteelSetParts"						operation="set" value="1"/>
				<triggered_effect trigger="onSelfPrimaryActionEnd" action="ModifyCVar" cvar="meleeToolChainsawParts"						operation="set" value="1"/>
				<triggered_effect trigger="onSelfPrimaryActionEnd" action="GiveExp" exp="50000"/>
			</effect_group>
		</item>
		<item name="AlcSkillPoints1">
			<property name="Extends" value="challengeQuestMaster"/>
			<property name="DescriptionKey" value="qc_AnimalGroupDesc"/>
			<property name="CreativeMode" value="Player"/>
			<property name="Stacknumber" value="1"/>
			<property class="Action0">
				<property name="QuestGiven" value="alcatrazskillpoints1"/>
			</property>
		</item>

		<item name="AlcSkillPoints2">
			<property name="Extends" value="challengeQuestMaster"/>
			<property name="DescriptionKey" value="qc_AnimalGroupDesc"/>
			<property name="CreativeMode" value="Player"/>
			<property name="Stacknumber" value="1"/>
			<property class="Action0">
				<property name="QuestGiven" value="alcatrazskillpoints2"/>
			</property>
		</item>

		<item name="AlcSkillPoints3">
			<property name="Extends" value="challengeQuestMaster"/>
			<property name="DescriptionKey" value="qc_AnimalGroupDesc"/>
			<property name="CreativeMode" value="Player"/>
			<property name="Stacknumber" value="1"/>
			<property class="Action0">
				<property name="QuestGiven" value="alcatrazskillpoints3"/>
			</property>
		</item>

		<item name="AlcSkillPoints4">
			<property name="Extends" value="challengeQuestMaster"/>
			<property name="DescriptionKey" value="qc_AnimalGroupDesc"/>
			<property name="CreativeMode" value="Player"/>
			<property name="Stacknumber" value="1"/>
			<property class="Action0">
				<property name="QuestGiven" value="alcatrazskillpoints4"/>
			</property>
		</item>

		<item name="AlcSkillPoints5">
			<property name="Extends" value="challengeQuestMaster"/>
			<property name="DescriptionKey" value="qc_AnimalGroupDesc"/>
			<property name="CreativeMode" value="Player"/>
			<property name="Stacknumber" value="1"/>
			<property class="Action0">
				<property name="QuestGiven" value="alcatrazskillpoints5"/>
			</property>
		</item>

		<item name="AlcSkillPoints6">
			<property name="Extends" value="challengeQuestMaster"/>
			<property name="DescriptionKey" value="qc_AnimalGroupDesc"/>
			<property name="CreativeMode" value="Player"/>
			<property name="Stacknumber" value="1"/>
			<property class="Action0">
				<property name="QuestGiven" value="alcatrazskillpoints6"/>
			</property>
		</item>

		<item name="AlcSkillPoints7">
			<property name="Extends" value="challengeQuestMaster"/>
			<property name="DescriptionKey" value="qc_AnimalGroupDesc"/>
			<property name="CreativeMode" value="Player"/>
			<property name="Stacknumber" value="1"/>
			<property class="Action0">
				<property name="QuestGiven" value="alcatrazskillpoints7"/>
			</property>
		</item>		
	</append>
</LtAlex_CraftableMotorToolParts>