<SMXmenu name="XUi_Common/controls.xml">

<!--	// SMX // Main Menu Button -->

		<append xpath="/controls">
			<smxmenu_mainmenubutton	depth="3"
									pos="0,0"
									width="200"
									height="32"
									pivot="left"
									caption=""
									caption_key=""
									enabled_font_color="[labelColor]"
									disabled_font_color="[disabledLabelColor]"
									tooltip_key=""
									visible="true"
									enabled="true"
									sound="[default_click]">
				<rect	name="${name}"
						depth="${depth}"
						pos="${pos}"
						width="${width}"
						height="${height}"
						font_size_default="${height-32}"
						enabled_font_color="${enabled_font_color}"
						disabled_font_color="${disabled_font_color}"
						controller="SimpleButton"
						visible="${visible}"
						button_enabled="${enabled}">
					<button	name="clickable"
							pos="10,${Round(-height/2,0)}"
							sprite="smxlib_button_background"
							defaultcolor="[smxmenu_element_button_foreground]"
							hoversprite="smxlib_button_foreground"
							hovercolor="[smxmenu_element_button_hover]"
							hoverscale="1.1"
							pivot="${pivot}"
							tooltip_key="${tooltip_key}"
							sound_play_on_hover="[default_hover]"
							sound="${sound}" />
					<label		name="btnLabel"
								depth="2"
								pos="10,${Round(-2-height/2,0)}"
								width="${width-40}"
								height="${height-33}"
								style="smxcore_label_normal"
								text="${caption}"
								text_key="${caption_key}"
								font_size="${height-34}"
								upper_case="true"
								pivot="${pivot}"
								justify="center" />
				</rect>
			</smxmenu_mainmenubutton>
		</append>


<!--	// SMX // Credits Button -->

		<append xpath="/controls">
			<smxmenu_tfpcreditsbutton 	depth="3"
										pos="0,0"
										width="200"
										height="32"
										pivot="left"
										caption=""
										caption_key=""
										enabled_font_color="[labelColor]"
										disabled_font_color="[disabledLabelColor]"
										tooltip_key=""
										visible="true"
										enabled="true"
										sound="[default_click]">
				<rect	name="${name}"
						depth="${depth}"
						pos="${pos}"
						width="${width}" 
						height="${height}" 
						enabled_font_color="${enabled_font_color}" 
						disabled_font_color="${disabled_font_color}" 
						controller="SimpleButton" 
						visible="${visible}" 
						button_enabled="${enabled}">
					<button	name="clickable"
							pos="10,${Round(-height/2,0)}"
							sprite="smxmenu_mainmenu_tfp_logo"
							hovercolor="[smxmenu_element_button_hover]"
							hoverscale="1.1"
							pivot="${pivot}"
							tooltip_key="${tooltip_key}"
							sound_play_on_hover="[default_hover]"
							sound="${sound}" />
					<label		name="btnLabel"
								depth="2"
								pos="10,${Round(-height/2,0)}"
								width="${width-20}"
								text="${caption}"
								text_key="" 
								font_size="${height-26}"
								crispness="Never"
								effect="outline"
								effect_distance="1,1"
								upper_case="true"
								pivot="${pivot}" 
								justify="center" />
				</rect>
			</smxmenu_tfpcreditsbutton>
		</append>


<!--	// SMX // Widget Button -->

		<append xpath="/controls">
			<smxmenu_widgetbutton 	depth="3"
									pos="0,0"
									width="200"
									height="32"
									pivot="left"
									caption=""
									caption_key=""
									enabled_font_color="[labelColor]"
									disabled_font_color="[disabledLabelColor]"
									tooltip_key=""
									visible="true"
									enabled="true"
									sound="[default_click]">
				<rect	name="${name}" 
						depth="${depth}" 
						pos="${pos}" 
						width="${width}" 
						height="${height}" 
						font_size_default="${height-32}" 
						enabled_font_color="${enabled_font_color}" 
						disabled_font_color="${disabled_font_color}" 
						controller="SimpleButton" 
						visible="${visible}" 
						button_enabled="${enabled}">
					<button	name="clickable" 
							pos="10,${Round(-height/2,0)}" 
							sprite="smxlib_button_background"
							defaultcolor="[smxmenu_element_button_foreground]"
							hoversprite="smxlib_button_foreground"
							hovercolor="[smxmenu_element_button_hover]"
							hoverscale="1.1" 
							pivot="${pivot}" 
							tooltip_key="${tooltip_key}" 
							sound_play_on_hover="[default_hover]" 
							sound="${sound}" />
					<label 		name="btnLabel" 
								depth="2" 
								pos="10,${Round(-height/2,0)}" 
								width="${width-20}" 
								style="smxcore_label_normal"
								text="${caption}" 
								text_key="${caption_key}" 
								font_size="${height-34}" 
								upper_case="true" 
								pivot="${pivot}" 
								justify="center" />
				</rect>
			</smxmenu_widgetbutton>
		</append>



<!-- !!! A20 !!! -->







<!--	// SMX // Continue Savegame List -->
<!--
		<set xpath="/controls/savegames_list_entry/rect/sprite[@name='backgroundMain']/@width">${width-83|250}</set>
		<set xpath="/controls/savegames_list_entry/rect/sprite[@name='background']/@width">${width-83|250}</set>
		<set xpath="/controls/savegames_list_entry/rect/label[@name='Version']/@pos">${width-90},-2</set>
		<set xpath="/controls/savegames_list_entry/rect/label[@name='LastPlayed']/@pos">${width-90},${-height+2}</set>
-->


<!--	// SMX // Simple Buttons -->

		<append xpath="/controls">
			<smx_simplebutton_1>
				<rect name="${name}" depth="${depth|3}" pos="${pos|0,0}" width="${width|200}" height="${height|32}" enabled_font_color="${enabled_font_color|[labelColor]}" disabled_font_color="${disabled_font_color|[disabledLabelColor]}" controller="SimpleButton" visible="${visible|true}" font_size_default="${height-32|16}" font_size_hover="${height-30|24}" button_enabled="${enabled|true}">
					<button name="clickable" pos="0,${Round(-height/2,0)|-16}" sprite="smxlib_ui_game_element_menu_button" defaultcolor="${defaultcolor|[SMXlibElementsButtons]}" disabledcolor="[darkGrey]" hovercolor="${hovercolor|[lightGrey]}" foregroundlayer="${foregroundlayer|true}" type="sliced" hoverscale="1.0" pivot="${pivot|left}" tooltip_key="${tooltip_key|}" sound_play_on_hover="[default_hover]" sound="${sound|[default_click]}" /> 
					<label name="btnLabel" depth="2" pos="0,${Round(1-height/2,0)|-16}" width="${width|200}" height="${height-2|30}" text="${caption|}" text_key="${caption_key|}" font_size="${font_size|28}" crispness="Never" effect="outline" effect_distance="1,1" upper_case="true" pivot="${pivot|left}" justify="${justify|center}" parse_actions="${parse_actions|false}" />
				</rect>
			</smx_simplebutton_1>
		</append>

		<append xpath="/controls">
			<smx_simplebutton_2>
				<rect name="${name}" depth="${depth|3}" pos="${pos|0,0}" width="${width|200}" height="${height|32}" enabled_font_color="${enabled_font_color|[labelColor]}" disabled_font_color="${disabled_font_color|[disabledLabelColor]}" controller="SimpleButton" visible="${visible|true}" font_size_default="${height-32|16}" font_size_hover="${height-30|24}" button_enabled="${enabled|true}">
					<button name="clickable" pos="0,${Round(-height/2,0)|-16}" sprite="smxlib_ui_game_element_menu_button" flip="vertically" defaultcolor="${defaultcolor|[SMXlibElementsButtons]}" disabledcolor="[darkGrey]" hovercolor="${hovercolor|[lightGrey]}" foregroundlayer="${foregroundlayer|true}" type="sliced" hoverscale="1.0" pivot="${pivot|left}" tooltip_key="${tooltip_key|}" sound_play_on_hover="[default_hover]" sound="${sound|[default_click]}" /> 
					<label name="btnLabel" depth="2" pos="0,${Round(1-height/2,0)|-16}" width="${width|200}" height="${height-2|30}" text="${caption|}" text_key="${caption_key|}" font_size="${font_size|28}" crispness="Never" effect="outline" effect_distance="1,1" upper_case="true" pivot="${pivot|left}" justify="${justify|center}" parse_actions="${parse_actions|false}" />
				</rect>
			</smx_simplebutton_2>
		</append>

		<append xpath="/controls">
			<smxmenu_respawnbutton_bed>
				<rect name="${name}" depth="${depth|3}" pos="${pos|0,0}" width="${width|200}" height="${height|32}" enabled_font_color="${enabled_font_color|[labelColor]}" disabled_font_color="${disabled_font_color|[disabledLabelColor]}" controller="SimpleButton" visible="${visible|true}" font_size_default="${height-32|16}" font_size_hover="${height-30|24}" button_enabled="${enabled|true}">
					<button name="clickable" pos="0,0" size="120,120" sprite="smxlib_ui_element_slot_frame_wide" defaultcolor="${defaultcolor|[lightGrey]}" disabledcolor="[darkGrey]" hovercolor="${hovercolor|[SMXlibElementsButtons]}" foregroundlayer="${foregroundlayer|true}" type="sliced" hoverscale="1.0" pivot="center" tooltip_key="${tooltip_key|lblSpawnOnBedroll}" sound_play_on_hover="[default_hover]" sound="${sound|[default_click]}" /> 
					<sprite name="background" depth="1" pos="0,0" size="98,98" sprite="menu_empty" color="[SMXlibElementsSlotBackground]" type="sliced" globalopacitymod="0.8" pivot="center" />
					<sprite name="icon" depth="2" pos="0,0" size="100,100" atlas="itemiconatlas" sprite="bedroll" pivot="center" />
					<label name="btnLabel" depth="2" pos="0,${Round(1-height/2,0)|-16}" width="${width|200}" height="${height-2|30}" text="" text_key="${caption_key|}" font_size="${font_size|28}" crispness="Never" effect="outline" effect_distance="1,1" upper_case="true" pivot="${pivot|left}" justify="${justify|center}" parse_actions="${parse_actions|false}" />
				</rect>
			</smxmenu_respawnbutton_bed>
		</append>

		<append xpath="/controls">
			<smxmenu_respawnbutton_near>
				<rect name="${name}" depth="${depth|3}" pos="${pos|0,0}" width="${width|200}" height="${height|32}" enabled_font_color="${enabled_font_color|[labelColor]}" disabled_font_color="${disabled_font_color|[disabledLabelColor]}" controller="SimpleButton" visible="${visible|true}" font_size_default="${height-32|16}" font_size_hover="${height-30|24}" button_enabled="${enabled|true}">
					<button name="clickable" depth="1" pos="0,0" size="120,120" sprite="smxlib_ui_element_slot_frame_wide" flip="vertically" defaultcolor="${defaultcolor|[lightGrey]}" disabledcolor="[darkGrey]" hovercolor="${hovercolor|[SMXlibElementsButtons]}" foregroundlayer="${foregroundlayer|true}" type="sliced" hoverscale="1.0" pivot="center" tooltip_key="${tooltip_key|}" sound_play_on_hover="[default_hover]" sound="${sound|[default_click]}" /> 
					<sprite name="background" depth="1" pos="0,0" size="98,98" sprite="menu_empty" color="[SMXlibElementsSlotBackground]" type="sliced" globalopacitymod="0.8" pivot="center" />
					<sprite name="icon" depth="2" pos="0,0" size="100,100" atlas="itemiconatlas" sprite="vaultHatch_v1" pivot="center" />
					<label name="btnLabel" depth="2" pos="0,${Round(1-height/2,0)|-16}" width="${width|200}" height="${height-2|30}" text="${caption|}" text_key="${caption_key|}" font_size="${font_size|28}" crispness="Never" effect="outline" effect_distance="1,1" upper_case="true" pivot="${pivot|left}" justify="${justify|center}" parse_actions="${parse_actions|false}" />
				</rect>
			</smxmenu_respawnbutton_near>
		</append>


<!--	// SMX // Tab Buttons -->

		<append xpath="/controls">
			<smx_simplebutton_tabs_1>
				<rect name="${name}" depth="${depth|3}" pos="${pos|0,0}" width="${width|200}" height="${height|32}" enabled_font_color="${enabled_font_color|[labelColor]}" disabled_font_color="${disabled_font_color|[disabledLabelColor]}" controller="SimpleButton" visible="${visible|true}" font_size_default="${height-26|16}" font_size_hover="${height-24|24}" button_enabled="${enabled|true}">
					<button name="clickable" pos="0,${Round(-height/2,0)|-16}" sprite="smxlib_ui_game_element_tabs_button_normal" defaultcolor="${defaultcolor|[SMXlibElementsButtons]}" disabledcolor="[darkGrey]" hoversprite="smxlib_ui_game_element_tabs_button_normal" hovercolor="${hovercolor|[lightGrey]}" selectedsprite="smxlib_ui_game_element_tabs_button_selected" selectedcolor="${selectedcolor|[darkGrey]}" foregroundlayer="${foregroundlayer|true}" type="sliced" hoverscale="1.0" pivot="${pivot|left}" tooltip_key="${tooltip_key|}" sound_play_on_hover="[default_hover]" sound="${sound|[default_click]}" /> 
					<label name="btnLabel" depth="2" pos="0,${Round(2-height/2,0)|-16}" width="${width|200}" height="${height-2|30}" text="${caption|}" text_key="${caption_key|}" font_size="${font_size|28}" crispness="Never" effect="outline" effect_distance="1,1" upper_case="true" pivot="${pivot|left}" justify="${justify|center}" parse_actions="${parse_actions|false}" />
				</rect>
			</smx_simplebutton_tabs_1>
		</append>





<!--	// SMX // Audio Options -->

		<append xpath="/controls">
			<smx_audiooption_1>
				<rect pos="${pos|0,0}" width="560" height="32">
					<label depth="4" pos="0,-2" width="250" height="30" style="hover" tooltip_key="xuiOptionsAudio${name}Tooltip" text_key="xuiOptionsAudio${name}" color="[SMXlibElementsLBLPri]" font_size="22" crispness="Never" effect="outline" effect_distance="1,1" upper_case="false" justify="right" pivot="topleft" visible="${visible|true}" />
					<smx_gameoption_combobox_1 name="${name}" type="${type}" value_min="${value_min|@DEF}" value_max="${value_max|@DEF}" value_wrap="${value_wrap|@DEF}" value_increment="${value_increment|@DEF}" values="${values|@DEF}" reverse_list="${reverse_list|@DEF}" localization_prefix="${localization_prefix|}" format_string="${format_string|}" pos="255,0" width="300" height="32" visible="${visible|true}" />
				</rect>
			</smx_audiooption_1>
		</append>


<!--	// SMX // Video Options -->

		<append xpath="/controls">
			<smx_videooption_1>
				<rect pos="${pos|0,0}" width="560" height="32">
					<label depth="4" pos="0,-2" width="250" height="30" style="hover" tooltip_key="xuiOptionsVideo${name}Tooltip" text_key="xuiOptionsVideo${name}" color="[SMXlibElementsLBLPri]" font_size="22" crispness="Never" effect="outline" effect_distance="1,1" upper_case="false" justify="right" pivot="topleft" visible="${visible|true}" />
					<smx_gameoption_combobox_1 name="${name}" type="${type}" value_min="${value_min|@DEF}" value_max="${value_max|@DEF}" value_wrap="${value_wrap|@DEF}" value_increment="${value_increment|@DEF}" values="${values|@DEF}" reverse_list="${reverse_list|@DEF}" localization_prefix="${localization_prefix|}" format_string="${format_string|}" pos="255,0" width="300" height="32" visible="${visible|true}" />
				</rect>
			</smx_videooption_1>
		</append>


<!--	// SMX // Control Options -->

		<append xpath="/controls">
			<smx_controloption_1>
				<rect pos="${pos|0,0}" width="560" height="32">
					<label depth="4" pos="0,-2" width="250" height="30" style="hover" tooltip_key="xuiOptionsControls${name}Tooltip" text_key="xuiOptionsControls${name}" color="[SMXlibElementsLBLPri]" font_size="22" crispness="Never" effect="outline" effect_distance="1,1" upper_case="false" justify="right" pivot="topleft" />
					<smx_gameoption_combobox_1 name="${name}" type="${type}" value_min="${value_min|@DEF}" value_max="${value_max|@DEF}" value_wrap="${value_wrap|@DEF}" value_increment="${value_increment|@DEF}" values="${values|@DEF}" reverse_list="${reverse_list|@DEF}" localization_prefix="${localization_prefix|}" format_string="${format_string|}" pos="255,0" width="300" height="32" />
				</rect>
			</smx_controloption_1>
		</append>


<!--	// SMX // Browser Bame Options -->

		<append xpath="/controls">
			<smx_browsergameoptioninfo_1>
				<rect	name="${name}"
						pos="${pos|0,0}"
						width="570"
						height="32"
						controller="ServerBrowserGamePrefInfo"
						display_names="${display_names|}"
						value_localization_prefix="${value_localization_prefix|}">
					<label name="browserLabel" depth="4" pos="0,-2" width="220" height="30" style="hover" text_key="${title}" color="[SMXlibElementsLBLPri]" font_size="22" crispness="Never" effect="outline" effect_distance="1,1" upper_case="false" justify="right" pivot="topleft" tooltip_key="${title}Desc" />
					<sprite name="background" depth="5" pos="225,0" width="332" height="32" color="[black]" type="sliced" pivot="topLeft" />
					<label name="value" depth="6" pos="225,-2" width="332" height="32" color="[SMXlibElementsLBLPri]" font_size="22" crispness="Never" effect="outline" effect_distance="1,1" upper_case="false" justify="center" pivot="topleft" />
				</rect>
			</smx_browsergameoptioninfo_1>
		</append>

<!--
					<sprite name="background" depth="0" size="240,30" sprite="smxlib_ui_game_element_searchinput_background" color="[black]" type="sliced" />
					<sprite name="frame" depth="1" size="240,30" sprite="smxlib_ui_game_element_searchinput_frame" color="[white]" type="sliced" />
-->

<!--	// SMX // Game Option Controls -->

		<append xpath="/controls">
			<smx_gameoption_1>
				<rect	name="${name}"
						pos="${pos|0,0}"
						width="570"
						height="32"
						is_textinput="${is_textinput|false}"
						value_type="${value_type}"
						controller="GamePrefSelector"
						values="${values|}"
						display_names="${display_names|}"
						value_localization_prefix="${value_localization_prefix|}">
					<label name="ControlLabel" depth="4" pos="0,-2" width="262" height="30" style="hover" text_key="${title}" color="[SMXlibElementsLBLPri]" font_size="22" crispness="Never" effect="outline" effect_distance="1,1" upper_case="false" justify="right" pivot="topleft" tooltip_key="${title}Desc" />
					<smx_gameoption_combobox_1 name="ControlCombo" type="ComboBoxList&lt;XUiC_GamePrefSelector.GameOptionValue&gt;" value_min="${value_min|@DEF}" value_max="${value_max|@DEF}" value_wrap="${value_wrap|@DEF}" value_increment="${value_increment|@DEF}" values="${values|@DEF}" reverse_list="${reverse_list|@DEF}" localization_prefix="${localization_prefix|}" format_string="${format_string|}" pos="269,0" width="300" height="32" />
					<smx_gameoption_textfield_1 name="ControlText" depth="5" pos="303,0" width="${Defined(password_field) and password_field ? 232+32+10 : 232|232}" height="32" pivot="topLeft" password_field="${password_field|false}" />
				</rect>
			</smx_gameoption_1>
		</append>


<!--	// SMX // Game Option Combobox -->

		<append xpath="/controls">
			<smx_gameoption_combobox_1>
				<rect name="${name}" controller="${type}" depth="${depth|3}" pos="${pos|0,0}" width="${width|200}" height="${height|30}" value_min="${value_min|@DEF}" value_max="${value_max|@DEF}" value_wrap="${value_wrap|@DEF}" value_increment="${value_increment|@DEF}" values="${values|@DEF}" reverse_list="${reverse_list|@DEF}" localization_prefix="${localization_prefix|}" format_string="${format_string|}" enabled_color="${enabled_color|[white]}" disabled_color="${disabled_color|[lightGrey]}" pivot="left" visible="${visible|true}">
					<button name="back" depth="${1+depth|4}" style="press, hover, smxlib_icon_colors" pos="${height/2|15},${-height/2|-15}" size="26,26" pivot="center" sprite="ui_game_symbol_arrow_left" disabledcolor="[disabledColor]" sound="[paging_click]" tooltip_key="${tooltip_key|}" />
					<!--sprite name="frame" depth="9" pos="32,0" size="240,32" sprite="smxlib_ui_game_element_searchinput_frame" color="[white]" type="sliced" /-->
					<sprite name="background" depth="${1+depth|4}" style="icon30px" pos="${2+height|32},0" width="${width-height*2-4|136}" height="${height|30}" pivot="topleft" color="[black]" type="sliced" foregroundlayer="${foregroundlayer|false}" />
					<sprite name="fillBG" depth="${2+depth|5}" pos="${2+height|32},-28" width="${width-height*2-4|136}" height="4" sprite="smxlib_ui_game_element_combobox_bar" pivot="topleft" color="[darkGrey]" type="sliced" visible="{isnumber}" foregroundlayer="true" />
					<sprite name="fill" depth="${3+depth|5}" pos="${2+height|32},-28" width="${width-height*2-4|136}" height="4" sprite="smxlib_ui_game_element_combobox_bar" pivot="topleft" color="[white]" fill="{fillvalue}" filldirection="horizontal" type="filled" visible="{isnumber}" foregroundlayer="true" />
					<label name="currentValue" depth="${3+depth|6}" pos="${2+height|32},${1-height/2|-15}" width="${width-height*2-4|136}" height="${height-2|28}" pivot="left" text="{val|always}" font_size="22" justify="center" color="[SMXlibElementsLBLPri]" crispness="Never" effect="outline" effect_distance="1,1" upper_case="true" effect_color="[black]" />
					<button name="forward" depth="${1+depth|4}" style="press, hover, smxlib_icon_colors" pos="${width-height/2|185},${-height/2|-15}" size="26,26" pivot="center" sprite="ui_game_symbol_arrow_right" disabledcolor="[disabledColor]" sound="[paging_click]" tooltip_key="${tooltip_key|}" />
					<panel name="directvalue" style="press, scroll, hover, drag" pos="${2+height|32},0" width="${width-height*2-4|136}" height="${height|30}" pivot="topleft" disableautobackground="true" sound="[paging_click]" tooltip_key="${tooltip_key|}" />
				</rect>
			</smx_gameoption_combobox_1>
		</append>


<!--	// SMX // Game Option Textfield -->

		<append xpath="/controls">
			<smx_gameoption_textfield_1>
				<panel	name="${name}"
						depth="${depth|3}"
						controller="TextInput"
						pos="${pos|0,0}"
						width="${width|200}"
						height="${height|32}"
						value="${value|}"
						active_text_color="${active_text_color|[labelColor]}"
						caret_color="${caret_color|[labelColor]}"
						selection_color="${selection_color|[mediumGrey_half_alpha]}"
						character_limit="${character_limit|0}"
						validation="${validation|none}"
						backgroundcolor="${backgroundcolor|[black]}"
						style="press, select"
						on_hover="${on_hover|false}"
						on_scroll="${on_scroll|false}"
						snapCursor="true"
						virtual_keyboard_prompt="${virtual_keyboard_prompt|}"
						disableautobackground="true"
						search_field="${search_field|false}"
						password_field="${password_field|false}"
						pivot="${pivot|topleft}"
						visible="${visible|true}"
						on_return="${on_return|submit}">
					<sprite name="frame" depth="9" pos="-2,0" size="240,32" sprite="smxlib_ui_game_element_searchinput_frame" color="[white]" type="sliced" />
					<sprite name="background" depth="0" width="${Defined(password_field) and password_field ? width-height-10 : width|200}" color="${backgroundcolor|[black]}" type="sliced" pivot="${pivot|topleft}" foregroundlayer="${foregroundlayer|false}" />
					<label name="text" depth="1" pos="0,-4" width="${Defined(password_field) and password_field ? width-height-10 : width|200}" justify="${justify|center}" font_size="22" max_line_count="${max_line_count|0}" crispness="Never" effect="outline" effect_distance="1,1" upper_case="false" pivot="${pivot|topleft}" overflow="${overflow|ShrinkContent}" />
					<button name="btnShowPassword" pos="${width-height/2-5|180},-${height/2|-16}" width="${height-2}" height="${height-2}" style="smxlib_icon_colors" sprite="ui_game_symbol_stealth" defaultcolor="180,180,180" foregroundlayer="true" type="simple" hoverscale="1.1" pivot="center" tooltip_key="xuiShowPassword" selected="{showpassword}" visible="{passwordfield}" />
				</panel>
			</smx_gameoption_textfield_1>
		</append>


<!--	// SMX // Create Profile Textfield -->

		<append xpath="/controls">
			<smx_createprofile_textfield_1>
				<panel	name="${name}"
						depth="${depth|3}"
						controller="TextInput"
						pos="${pos|0,0}"
						width="${width|200}"
						height="${height|32}"
						value="${value|}"
						active_text_color="${active_text_color|[white]}"
						caret_color="${caret_color|[white]}"
						selection_color="${selection_color|[mediumGrey_half_alpha]}"
						character_limit="${character_limit|0}"
						validation="${validation|none}"
						backgroundcolor="${backgroundcolor|[black]}"
						style="press, select"
						on_hover="${on_hover|false}"
						snapCursor="true"
						virtual_keyboard_prompt="${virtual_keyboard_prompt|}"
						disableautobackground="true"
						search_field="${search_field|false}"
						password_field="${password_field|false}"
						pivot="${pivot|topleft}"
						visible="${visible|true}"
						on_return="${on_return|submit}">
					<sprite name="frame" depth="9" pos="-2,0" size="362,32" sprite="smxlib_ui_game_element_searchinput_frame" color="[white]" type="sliced" pivot="${pivot|topleft}" foregroundlayer="${foregroundlayer|false}" />
					<sprite name="background" depth="0" width="${Defined(password_field) and password_field ? width-height-10 : width|200}" color="${backgroundcolor|[black]}" type="sliced" pivot="${pivot|topleft}" foregroundlayer="${foregroundlayer|false}" />
					<label name="text" depth="1" pos="0,0" width="${Defined(password_field) and password_field ? width-height-10 : width|200}" justify="${justify|center}" font_size="22" max_line_count="${max_line_count|0}" crispness="Never" effect="outline" effect_distance="1,1" upper_case="false" pivot="${pivot|topleft}" overflow="${overflow|ShrinkContent}" />
					<button name="btnShowPassword" pos="${width-height/2-5|180},-${height/2|-16}" width="${height-2}" height="${height-2}" style="smxlib_icon_colors" sprite="ui_game_symbol_stealth" defaultcolor="180,180,180" foregroundlayer="true" type="simple" hoverscale="1.1" pivot="center" tooltip_key="xuiShowPassword" selected="{showpassword}" visible="{passwordfield}" />
				</panel>
			</smx_createprofile_textfield_1>
		</append>


<!--	// SMX // Search Controls -->

		<append xpath="/controls">
			<smx_savegame_search>
				<panel	depth="1"
						controller="TextInput"
						pos="122,-7"
						width="240"
						height="30"
						value="SEARCH"
						active_text_color="[white]"
						caret_color="[white]"
						selection_color="[mediumGrey_half_alpha]"
						character_limit="30"
						validation="none"
						backgroundcolor="[black]"
						on_press="true"
						style="select"
						snapCursor="true"
						virtual_keyboard_prompt="vkPromptSearchTerm"
						search_field="true">
					<sprite name="searchIcon" depth="1" pos="-30,-15" size="26,26" sprite="ui_game_symbol_search" pivot="center" />
					<sprite name="background" depth="0" size="240,30" sprite="smxlib_ui_game_element_searchinput_background" color="[black]" type="sliced" />
					<sprite name="frame" depth="1" size="240,30" sprite="smxlib_ui_game_element_searchinput_frame" color="[white]" type="sliced" />
					<label name="text" depth="1" pos="0,-2" font_size="22" crispness="Never" effect="outline" effect_distance="1,1" upper_case="false" justify="center" pivot="topleft" />
				</panel>
			</smx_savegame_search>
		</append>


<!--	// SMX // Savegame List -->

		<append xpath="/controls">
			<smx_savegames_list_entry>
				<rect height="${height}" style="press, doubleclick, hover, scroll" background_sprite_unselected="smxlib_ui_game_element_conversation_player_background" background_sprite_selected="smxlib_ui_game_element_conversation_player_background" background_color_unselected="[darkGrey]" background_color_hovered="[lightGrey]" background_color_selected="[white]" disabled_font_color="[disabledLabelColor]" enabled_font_color="[labelColor]" sound="[recipe_click]" controller="ListEntry&lt;XUiC_SavegamesList.ListEntry&gt;">
					<sprite name="backgroundMain" depth="3" pos="2,0" size="100,100" sprite="smxlib_ui_element_slot_frame_narrow" color="{versioncolor}" type="sliced" fillcenter="false" visible="{hasentry}" />
					<sprite name="nameBackground" depth="3" pos="122,-16" size="348,45" sprite="smxlib_ui_game_element_tabs_background" color="[black]" type="sliced" flip="vertically" globalopacitymod="1.5" visible="{hasentry}" />
					<sprite name="background" depth="2" pos="102,10" size="388,120" sprite="smxlib_ui_game_element_conversation_player_background" type="sliced" flip="vertically" globalopacitymod="0.8" visible="{hasentry}" />
					<label name="Name" depth="4" pos="102,-17" size="388,40" text="{savename}" font_size="40" crispness="Never" effect="outline" effect_distance="1,1" upper_case="false" justify="center" pivot="topleft" />
					<label name="Version" depth="4" pos="2,-27" size="100,100" style="press, doubleclick, hover, scroll" text="{version}" color="[darkGrey]" font_size="40" crispness="Never" effect="outline" effect_distance="1,1" upper_case="false" justify="center" pivot="topleft" tooltip="{versiontooltip}" />
					<label name="World" depth="4" pos="125,${-height+6}" size="200,32" style="press, doubleclick, hover, scroll" text="{worldname} - {mode}" color="{worldcolor}" font_size="18" crispness="Never" effect="outline" effect_distance="1,1" upper_case="false" justify="left" pivot="bottomleft" visible="{hasentry}" tooltip="{worldtooltip}" />
					<label name="LastPlayed" depth="4" pos="${width-25},${-height+6}" size="180,32" text="{lastplayed}" color="255,255,255,128" font_size="18" crispness="Never" effect="outline" effect_distance="1,1" upper_case="false" justify="right" pivot="bottomright" />
				</rect>
			</smx_savegames_list_entry>
		</append>


<!--	// SMX // Profiles List -->

		<append xpath="/controls">
			<smx_profiles_list_entry>
				<rect height="${height|30}" width="${width}" style="press, scroll" on_doubleclick="true" font_size_default="${height-16|16}" font_size_hover="${height-8|24}" disabled_font_color="[disabledLabelColor]" enabled_font_color="[labelColor]" sound="[recipe_click]" controller="ListEntry`1[XUiC_ProfilesList+ListEntry]">
					<sprite name="backgroundMain" depth="3" sprite="menu_empty2px" height="${1+height|100}" pos="9990,9990" width="${width|250}" color="[black]" type="sliced" fillcenter="false" visible="false" />
					<sprite name="background" depth="2" color="[darkGrey]" pos="9990,9990" width="${width|250}" type="sliced" visible="false" />
					<!--texture name="SMXselectBG" depth="3" pos="2,0" size="200,65" texture="@modfolder:Textures/menu/smxselectbg.png" material="Materials/Transparent Colored" type="sliced" /-->
					<label name="Name" depth="4" pos="8,${Round(-height/2,0)|-25}" width="${width-8|242}" height="${height-4|26}" text="{name}" font_size="${height-4|26}" effect="outline" effect_distance="1,1" justify="left" />
				</rect>
			</smx_profiles_list_entry>
		</append>


<!--	// SMX // Server List Header -->

		<append xpath="/controls">
			<smxmenu_servers_list_header>
				<rect depth="${depth|3}" pos="${pos|0,0}" height="${height}">
<!--sprite depth="4" pos="15,-16" width="26" height="26" sprite="menu_empty" color="white" globalopacitymod="0.4" pivot="center" /-->
					<sprite depth="4" name="favorite" pos="15,-16" width="26" height="26" sprite="server_favorite" color="[white]" type="simple" pivot="center" style="hover" tooltip_key="xuiServerBrowserToggleFavoriteTooltip" />
<!--sprite depth="4" pos="55,-16" width="20" height="26" sprite="menu_empty" color="white" globalopacitymod="0.4" pivot="center" /-->
					<sprite depth="4" name="anticheat" pos="55,-16" width="20" height="26" sprite="server_icon_vac" color="[white]" type="simple" pivot="center" style="hover" tooltip_key="xuiServerBrowserEACTooltip" />
<!--sprite depth="4" pos="93,-16" width="26" height="26" sprite="menu_empty" color="white" globalopacitymod="0.4" pivot="center" /-->
					<sprite depth="4" name="password" pos="93,-16" width="26" height="26" sprite="server_locked" color="[white]" type="simple" pivot="center" style="hover" tooltip_key="xuiServerBrowserPasswordTooltip" />
<!--sprite depth="4" pos="130,-2" width="${width-450}" height="32" sprite="menu_empty" color="white" globalopacitymod="0.4" pivot="topleft" /-->
					<label depth="4" name="ServerName" pos="130,-2" width="${width-450}" height="32" text_key="xuiServerBrowserServerName" font_size="26" justify="left" pivot="topleft" style="hover,press" />
<!--sprite depth="4" pos="${width-293},-2" width="26" height="26" sprite="menu_empty" color="white" globalopacitymod="0.4" pivot="topleft" /-->
					<sprite depth="4" name="Difficulty" pos="${width-293},-2" width="26" height="26" sprite="ui_game_symbol_death" color="[white]" type="simple" justify="right" pivot="topleft" style="hover,press" tooltip_key="Difficulty" />
<!--sprite depth="4" pos="${width-254},-2" width="130" height="32" sprite="menu_empty" color="white" globalopacitymod="0.4" pivot="topleft" /-->
					<label depth="4" name="World" pos="${width-254},-2" width="130" height="32" text_key="xuiServerBrowserWorldName" font_size="26" justify="center" pivot="topleft" style="hover,press" />
<!--sprite depth="4" pos="${width-90},-16" width="26" height="26" sprite="menu_empty" color="white" globalopacitymod="0.4" pivot="center" /-->
					<sprite depth="4" name="Players" pos="${width-90},-16" width="26" height="26" sprite="server_players" color="[white]" type="simple" pivot="center" style="hover,press" tooltip_key="xuiServerBrowserPlayersTooltip" />
<!--sprite depth="4" pos="${width-26},-16" width="26" height="26" sprite="menu_empty" color="white" globalopacitymod="0.4" pivot="center" /-->
					<sprite depth="4" name="Ping" pos="${width-26},-16" width="26" height="26" sprite="server_ping" color="[white]" type="simple" pivot="center" style="hover,press" tooltip_key="xuiPing" />
					<!--label depth="4" name="Version" pos="${width-10},-2" on_hover="true" color="{versioncolor}" width="80" height="32" text="{version}" tooltip="{versiontooltip}" font_size="26" justify="right" pivot="topright" />
					<label depth="4" name="World" pos="8,${-height+2}" color="255,255,255,128" width="${width-200}" height="32" text="{worldname} - {mode}" font_size="26" justify="left" pivot="bottomleft" visible="{hasentry}" />
					<label depth="4" name="LastPlayed" pos="${width-10},${-height+2}" color="255,255,255,128" width="180" height="32" text="{lastplayed}" font_size="26" justify="right" pivot="bottomright" /-->
				</rect>
			</smxmenu_servers_list_header>
		</append>


<!--	// SMX // Server List Content -->

		<append xpath="/controls">
			<smxmenu_servers_list_entry>
				<rect height="${height}" style="press, hover, scroll" on_doubleclick="true" background_sprite_selected="smxlib_ui_game_element_conversation_trader_background" background_sprite_unselected="smxlib_ui_game_element_conversation_trader_background" disabled_font_color="[disabledLabelColor]" enabled_font_color="[labelColor]" sound="[recipe_click]" controller="ListEntry&lt;XUiC_ServersList.ListEntry&gt;">
					<sprite name="background" pos="-40,36" width="890" height="100" color="[darkGrey]" sprite="smxlib_ui_game_element_conversation_trader_background" type="sliced" />
					<button depth="4" name="favorite" pos="15,-12" width="26" height="26" sprite="server_favorite" defaultcolor="180,180,180" hovercolor="[white]" selectedcolor="[selectedColor]" type="simple" pivot="center" hoverscale="1.1" visible="{hasentry}" selected="{isfavorite}" tooltip_key="xuiServerBrowserToggleFavoriteTooltip" />
					<sprite depth="4" name="anticheat" pos="55,-12" width="20" height="26" sprite="server_icon_vac" color="{anticheatcolor}" type="simple" pivot="center" visible="{hasentry}" />
					<sprite depth="4" name="password" pos="93,-12" width="26" height="26" sprite="server_locked" color="{passwordcolor}" type="simple" pivot="center" visible="{hasentry}" />
<!--sprite depth="4" pos="130,-2" width="${width-450}" height="32" sprite="menu_empty" color="white" globalopacitymod="0.4" /-->
					<label depth="4" name="Name" pos="130,-2" width="${width-450}" height="32" text="{servername}" font_size="20" crispness="Never" effect="outline" effect_distance="1,1" justify="left" pivot="topleft" support_bb_code="false" color="{textcolor}" overflow="ShrinkContent" />
					<label depth="4" name="Difficulty" pos="${width-295},-2" width="30" height="32" text="{difficulty}" font_size="20" crispness="Never" effect="outline" effect_distance="1,1" justify="center" pivot="topleft" visible="{hasentry}" />
					<label depth="4" name="World" pos="${width-245},-2" width="110" height="32" text="{world}" font_size="20" crispness="Never" effect="outline" effect_distance="1,1" justify="left" pivot="topleft" color="{textcolor}" overflow="ShrinkContent" />
					<label depth="4" name="Players" pos="${width-115},-2" width="50" height="32" text="{playersonline}/{playersmax}" font_size="20" crispness="Never" effect="outline" effect_distance="1,1" justify="center" pivot="topleft" visible="{hasentry}" color="{textcolor}" overflow="ShrinkContent" />
					<label depth="4" name="Ping" pos="${width-50},-2" width="40" height="32" text="{ping}" color="{pingcolor}" font_size="20" crispness="Never" effect="outline" effect_distance="1,1" justify="right" pivot="topleft" overflow="ShrinkContent" />
					<!--label depth="4" name="Version" pos="${width-10},-2" on_hover="true" color="{versioncolor}" width="80" height="32" text="{version}" tooltip="{versiontooltip}" font_size="26" justify="right" pivot="topright" />
					<label depth="4" name="World" pos="8,${-height+2}" color="255,255,255,128" width="${width-200}" height="32" text="{worldname} - {mode}" font_size="26" justify="left" pivot="bottomleft" visible="{hasentry}" />
					<label depth="4" name="LastPlayed" pos="${width-10},${-height+2}" color="255,255,255,128" width="180" height="32" text="{lastplayed}" font_size="26" justify="right" pivot="bottomright" /-->
				</rect>
			</smxmenu_servers_list_entry>
		</append>
</SMXmenu>